id,problemId,text,imageURL,imageDescription,agentNotes
1,number_trains,null,/images/transcripts/math/number_trains_studentB.png,"Student B has completed all problems on the worksheet, with extensive additional work and visual representations shown at the bottom.
Problem 3 (Engine 24): Four trains are shown with factor pairs:
• Train 1: 4 × 6
• Train 2: 12 × 2
• Train 3: 8 × 3
• Train 4: 1 × 24

Problem 4 (Engine 36):
• Shows calculation work: 18 × 2 = 36
• Listed four other factor pairs:
  (a) 1 × 36
  (b) 18 × 2 (teacher mark it with 'x' on the right-hand side, indicating the answer is wrong)
  (c) 6 × 6 
  (d) 4 × 9
  
Additional work at the bottom: Student created extensive visual representations using circles and tally marks:
• Left side: A cluster of six circles, each containing six tally marks, labeled with ""6"".
• Bottom right:  A cluster of four circles, each containing nine tally marks, labeled with ""9"".
• Upper right: A cluster of three circles — the top and right circles each contain eleven tally marks and are labeled with ""11"", while the middle circle contains twelve tally marks and is labeled ""12"".
• Far right: An additional note showing ""18 + 18 = 36""

• Left side: A cluster showing groups of 6 (five circles each containing 6 tally marks, with ""+4"" notation)
• Right side: Multiple circles containing groups of 4 tally marks arranged in patterns, with ""9"" written nearby
• Various calculations: ""12"", ""36"", ""7"", ""8"" written in circles and margins","<Struggles in Student Understanding Teacher>
  Areas that Student Struggles:
  • The student misunderstood ""Other"". For example, in Problem 4, part (b): Listed (18 × 2) despite this being the given pair. The problem explicitly states: ""List the OTHER 4 pairs of boxcar numbers that can be pulled by this engine."" The pair (2, 18) was GIVEN in the problem - it's the starting information that students used to find the engine number. By listing (18 × 2) as one of their ""other"" pairs, Student B reveals:
  • Literal interpretation of commutativity: The student may have thought that because the given pair was written as (2, 18), writing it as (18, 2) makes it ""different."" This shows strong understanding that 2 × 18 = 18 × 2 (commutative property), possible misinterpretation of what ""other"" means in this context, and focus on the ORDER of numbers rather than the combination itself
  • Not fully processing the instruction: The student may have been so focused on finding factor pairs that they forgot this specific pair was already given, not recognized that ""other"" means ""different combinations,"" not just ""different order"", and completed this mechanically without reflecting on the constraint
  • Contrast with other work: Interestingly, in Problem 3, the student DID understand ""different"" correctly - they didn't list (6, 4) and then (4, 6) as separate pairs. This suggests the error in Problem 4 might be more about the complexity of the two-step problem, losing track of what was already given while focusing on finding factor pairs, or not carefully rereading the specific constraints of Problem 4
</Struggles in Student Understanding Teacher>

<Strategy-Focused Teacher>
  Mathematical Strategies:
  Student B uses various math strategies when solving these problems; these strategies mainly manifest in Problem 4 (Engine 36).
  • Factor-Pair Listing (Systematic Search): 
    Strategy meaning: Listing pairs of integers whose product is the target (36). Evidence:
    The completed pairs on the lines—1×36, 18×2, 6×6, 4×9—show a deliberate sweep through factor pairs rather than random guesses.  Impact: ensurea the coverage of likely factors and avoids duplicates.
  • Equal-Groups Representation (Concrete Modeling):
    Strategy meaning: Drawing groups with tallies to model multiplication as ""groups of."" Evidence: Bottom left: six circles with six tallies each, models 6×6=36. Bottom right: four circles with nine tallies each. models 4×9=36. Impact: Confirms that a proposed factor pair actually yields 36 by counting.
  • Integration of Numbers and Visual Representation:
    Strategy meaning: combines numerical reasoning with visual modeling, using diagrams to concretize multiplication and factor relationships. Evidence: The student drew groups of circles with tally marks—six circles with six tallies, four circles with nine tallies, and three circles with mixed quantities (two labeled ""11"" and one labeled ""12""). These drawings visually represent different ways to compose 36, turning abstract multiplication into visible group structures. Impact: This approach helps the student connect symbolic multiplication (e.g., 6×6, 4×9) with concrete, countable quantities, showing a strong grasp of part-whole relationships.
  • Skip-Counting / Repeated Addition:
    Strategy meaning: Counting by a factor to reach the product. Evidence: The four ""9"" groups imply counting 9, 18, 27, 36; the six ""6"" groups imply 6, 12, 18, 24, 30, 36. Impact: Efficient verification without full multiplication algorithms.
  • Commutative Awareness:
    Strategy meaning: Knowing a×b = b×a, so either order is valid. Evidence: Factor pairs are recorded in various orders (e.g., 18×2 alongside 1×36, 4×9), with no attempt to list mirror pairs as new facts. Impact: Reduces redundant work and supports a cleaner, unique list of factor pairs.
  • Horizontal Multiplication (Place-Value Decomposition):
    Strategy meaning: Computing by breaking down numbers by place value, multiplying ones and tens separately. Evidence: For 2×18, the student appears to have multiplied the ones and tens digits independently, likely computing 2×8=16 and 2×10=20, then adding 16+20=36. Impact: This suggests an understanding of distributive property and base-ten structure, showing procedural fluency grounded in conceptual understanding.
  • Re-unitizing / Regrouping:
    Strategy meaning: Seeing 36 as different partitions into equal groups (e.g., 6 groups of 6 vs. 4 groups of 9). Evidence: The two correct visual models (6×6 and 4×9) represent the same total re-unitized with different group sizes. Impact: Builds multiplicative flexibility and number sense around 36.
  • Conjecture–Test–Revise (Self-Monitoring/Trial and Adjustment/Exploratory Reasoning):
    Strategy meaning: Trying a possibility, checking it, and adjusting if it doesn't fit. Evidence: Upper right cluster with labels 11, 12, 11 (two circles marked ""11,"" one ""12"") suggests an exploratory attempt that does not total 36 via equal groups. Impact: Shows the student validating ideas against the target and correcting course.
  • Multi-Representational Strategy (Multiple Representation Strategy/Strategy Coordination)
    Strategy Meaning: The student flexibly moves between different forms of representation — visual (drawings), symbolic (multiplication), and numerical (addition). Evidence:
    Drawings: Used circles and tally marks to represent equal groups. Addition: Wrote ""18 + 18 = 36"" to verify 2×18. Multiplication: Listed equations like 6×6 and 4×9 to find factor pairs. Impact: This shows the student can connect visual, additive, and multiplicative reasoning—an indicator of deep understanding.
</Strategy-Focused Teacher>

<Strengths in Student Understanding Teacher>
  Mathematical Strengths:
  • Complete and correct factor pairs for 24: Student B found all four main factor pairs for 24: (4, 6), (12, 2), (8, 3), and (1, 24). This demonstrates: students' solid understanding of the multiplication-factors relationship; ability to find multiple different factor combinations; with no duplicate pairs, it shows that they understood ""different"" means different factor combinations
  • Correct engine number identification: For Problem 4, the student correctly calculated that 2 × 18 = 36, showing clear work for this step.
  • Found the special square factor pair: Student B identified (6, 6) as a factor pair for 36, which is mathematically sophisticated. Many students miss this because both factors are the same number. Finding this shows:
      (a) Strong understanding that a number can be multiplied by itself
      (b) Recognition of 36 as a perfect square
      (c) Ability to think beyond the ""two different numbers"" pattern
  • Visual/concrete problem-solving approach: Meanwhile, the extensive tally mark work at the bottom is mathematically fascinating:
  Left cluster (groups of 6):
  • Five circles each with 6 tally marks = 5 × 6 = 30
  • ""+4"" notation suggests 30 + 6 = 36
  • This appears to be the student working out 6 × 6 = 36, possibly:
      (a) Using 5 × 6 = 30 as a known fact
      (b) Then adding one more 6 to get 36
      (c) This is a sophisticated strategy showing understanding of distributive property: 6 × 6 = (5 × 6) + (1 × 6)
  
  Right side (groups of 4):
  • Multiple circles with 4 tally marks
  • Number ""9"" nearby
  • This appears to be working out 4 × 9 = 36
  • Counting by 4s nine times to verify this factor pair
  
  The extensive work at the bottom with circles and tally marks reveals that this student:
  • Uses visual-spatial strategies to understand multiplication
  • Creates concrete representations (groups of objects) to verify or think through factor relationships
  • May be using skip-counting or repeated addition to understand multiplication
  • Shows persistence and deep engagement with the mathematics
  • Self-checking behavior: The presence of check marks suggests the student is reviewing or confirming their answers, showing metacognitive awareness.
</Strengths in Student Understanding Teacher>"
2,number_trains,null,/images/transcripts/math/number_trains_studentC.png,"Student C has completed Problem 3 and Problem 4 on the worksheet.
Problem 3 (Engine 24): Four trains are shown with factor pair attempts:
• Train 1: 3 × 8 
• Train 2: 2 and 14 with an X mark (incorrect - should be 2 and 12, instead of 14)
• Train 3: 1 × 28 with an X mark (incorrect - should be 1 × 24, and 1 × 28 = 28, not 24)
• Train 4: 4 and 6 

Problem 4 (Engine 36):
• Correctly identified engine number as 36
Listed four factor pair attempts:
The student changed the required format — the task only asks for two numbers multiplied, but the student added an equals sign by themselves, writing it as ""36 = 2 × 18"".
  (a) 36 = 2 × 18 with X marks (and the student repeated the given problem ""36 = 2 × 18"" instead of generating a new factor pair)
  (b) 24 = 3 × 8 with X marks (incorrect: 3 × 8 = 24, not 36)
  (c) 40 = 8 × 5 with X marks (incorrect: 8 × 5 = 40, not 36)
  (d) 8 = 8 × 1 with X marks (incorrect: 8 × 1 = 8, not 36)","<Struggles in Student Understanding Teacher>
  Major Struggles - Division Notation in Multiplication Problem:
  The most striking feature of Student C's work is the persistent use of division symbols (÷) in a multiplication problem. Looking at Problem 4:
    (a) 36 = 2 × 18
    (b) 24 = 3 × 8
    (c) 40 = 8 × 5
    (d) 8 = 8 × 1
  
  What this reveals:
  Fundamental operation confusion: The student appears to be confusing division with the relationship being tested (multiplication/factors). Several interpretations are possible:
  Interpretation A - Misunderstanding the task format:
  • The student may think they need to show that the numbers divide evenly
  • They might be thinking: ""Does 2 divide into 36? Yes, so I'll write 36 ÷ 2""
  • But then they're unclear about how to complete the expression

  Interpretation B - Checking divisibility:
  • The student might be using division to CHECK if numbers are factors
  • For example, ""36 ÷ 2 = 18, so 2 and 18 work""
  • This would show good mathematical thinking (using division to verify factors) but incorrect notation for answering the question
  
  Interpretation C - Mixed operation confusion:
  • The student may be genuinely confused about when to use ×, ÷, =, and other symbols
  • The presence of multiple symbols in each response suggests uncertainty about mathematical notation
  
  What Student C Seems to Understand:
  • Multiplication connects two numbers to make a product (some evidence)
  • There's a relationship between numbers in these problems
  • Division and multiplication are somehow related (they are inverse operations, but student is confused about how)
  
  What Student C Struggles With:
  • Systematically finding factors: No evidence of systematic strategy (trying 1, 2, 3... to see what divides evenly)
  • Maintaining the target number: Keeps losing track of whether they're finding factors of 24, 36, or other numbers
  • Mathematical notation: Confusing when to use ×, ÷, and =
  • Verification: Not checking their work (3 × 8 = 24, not 36, which could be caught by calculating)
  Factor vs. product relationship: May not fully grasp that factors MULTIPLY to give the product
  
  Student C demonstrates significant conceptual confusion about factors, operations, and mathematical notation. The use of division symbols in a multiplication problem, combined with choosing number pairs that don't multiply to the target, suggests this student needs substantial re-teaching of foundational concepts about factors and multiplication relationships. The errors are systematic rather than careless, indicating conceptual gaps rather than simple mistakes. With appropriate concrete, scaffolded instruction, this student can build understanding, but they're currently not ready for independent work at this level of abstraction.
</Struggles in Student Understanding Teacher>

<Strategy-Focused Teacher>
  Mathematical Strategies:
  • Basic Multiplicative Reasoning: Strategy Meaning: The student understands that the engine number equals the product of the two boxcars. Evidence: Correctly computed 2×18 = 36 for the second problem. Impact: Demonstrates awareness of multiplication as repeated groups but not yet flexible factorization.
  • Developing Factor Reasoning (Procedural with Factual Recall): Strategy Meaning: The student grasps that factors form a product via multiplication facts but relies on procedural steps and partial recall, lacking strategic flexibility. Evidence: Correctly identified factor pairs of 24 (3×8, 4×6) and product of 2×18 (36), yet made errors like 24=2×14, showing incomplete conceptual mastery. Impact: Demonstrates emerging fluency in basic factor identification but needs practice to transition from rote recall to strategic, systematic reasoning.
</Strategy-Focused Teacher>

<Strengths in Student Understanding Teacher>
  Mathematical Strengths:
  • Correct engine number identification: Student C successfully determined that 2 × 18 = 36 in Problem 4, showing they understood the first step of the two-part problem and can multiply two-digit numbers.
  • One fully correct factor pair: In Problem 3, the student correctly identified (3, 8) as a factor pair for 24, demonstrating that they understand the basic concept that factors multiply to produce the target number.
  • Attempted all parts: The student engaged with the entire problem set and provided answers for all sections, showing effort and persistence even when struggling.
</Strengths in Student Understanding Teacher>"
3,symmetrical_patterns,null,/images/transcripts/math/symmetrical_patterns_studentD.png,"For Part 1 (Naming Shapes), the student wrote: ""triangle, rectangle, square and circles for the middle and everything is for the sides"". It should be noted that the central shape is not a circle but a circle-like structure, and the description of the shapes' locations is not clear enough.
For Part 2 (Drawing Lines of Symmetry), the student did not complete this part and there is no response.
For Part 3, Student D completed the left half of the symmetrical pattern across the diagonal line of symmetry. However, the completed pattern shows significant differences from the given right side - the shapes are present but their sizes, positions, and relationships don't accurately mirror the original. They listed ""triangle, rectangle"" as the shapes in the pattern.","<Struggles in Student Understanding Teacher>
  Struggles:
  Part 1 - Shape Identification Errors:
  • ""Circles for the middle"": The student identified the central octagon as ""circles,"" revealing confusion between curved shapes (circles) and multi-sided polygons (octagons). This is a common developmental misunderstanding where any rounded or multi-sided shape may be called a ""circle.""
  • Unclear shape-location description: The phrase ""everything is for the sides"" is ambiguous and doesn't clearly communicate which shapes are where, suggesting the student struggles to articulate geometric relationships precisely.
  
  Part 2 - Unattempted Lines of Symmetry Drawing Task
  • The student did not complete the second question (drawing lines of symmetry). While the reason (e.g., overlooking the task, lacking confidence in symmetry concepts) is unclear, the omission indicates a struggle with either task awareness or applying the symmetry concept to identify and draw valid lines of symmetry.
  
  Part 3 - Reflection/Symmetry Application Difficulties:
  • Inaccurate mirroring: The most significant struggle appears in Part 3. While Student D attempted to complete the pattern, the reflected shapes don't accurately mirror the given right side. The shapes are approximately in the correct regions but their sizes, proportions, and precise positions don't show true reflection symmetry.
  • Possible interpretation: The student may have understood they needed to ""draw something on the other side"" but didn't grasp that symmetry requires EXACT mirror imaging - that every shape, angle, and distance must be precisely reflected across the line. This suggests the student may be thinking of symmetry more as ""having shapes on both sides"" or ""balance"" rather than as precise geometric reflection.
  • Pattern of Understanding: Student D shows emerging awareness of geometric concepts but struggles with precision and exact definitions. They recognize that: Patterns contain shapes (but may confuse which specific shapes); Symmetry involves some kind of division or ""two-sidedness"" (but may not understand precise reflection); Patterns can be described spatially (but struggle to articulate this clearly)
</Struggles in Student Understanding Teacher>

<Strategy-Focused Teacher>
  Mathematical Strategies:
  • Attempted Operational Strategy for Completing Symmetrical Patterns. Strategy Meaning:	Guided by the basic rule of symmetrical mirror images across the axis, the student uses intuitive perception to draw the other half, representing a preliminary attempt to apply symmetry concepts through active engagement. Evidence: For Question 3 (symmetrical pattern completion), the student actively drew the left side of the symmetry axis instead of leaving it blank, showing awareness of following symmetry rules. Impact: Despite errors in size, position and details (due to insufficient understanding of mirror congruence), the active attempt reflects initial awareness of applying symmetry concepts to practice, laying a foundation for mastering symmetrical transformation and spatial reasoning.
</Strategy-Focused Teacher>

<Strengths in Student Understanding Teacher>
  Mathematical Strengths:
  • Attempted complete engagement: Student D made attempts at all three parts of the task, showing persistence and willingness to engage with all aspects of the problem.
  • Spatial and descriptive thinking: In Part 1, the student went beyond just listing shape names and tried to describe WHERE shapes are located (""circles for the middle and everything is for the sides""). This shows emerging spatial reasoning and an attempt to describe the pattern's organization, even though the description has inaccuracies.
  • Shape vocabulary recognition: The student used geometric vocabulary including triangle, rectangle, and square, showing familiarity with these terms.
  • Strong awareness of active participation and task attempt: Although Question 2 was incomplete, the student did not leave Question 3 (completing the symmetrical pattern) blank. Instead, the student took the initiative to draw the other side of the line of symmetry. This ""never-give-up, active hands-on practice"" attitude serves as a crucial foundation for mathematical exploration and skill improvement, making it a notable strength.
  • Preliminary awareness of extended spatial description: The question only required naming shapes, but the student proactively attempted to describe the spatial positions of the shapes (e.g., ""circles for the middle"" and ""everything is for the sides""). While this behavior exceeded the question's requirements and lacked precision, it reflects the student's willingness to go beyond basic tasks and engage in associative thinking of ""shapes and spatial positions"" — a potential strength in the development of spatial thinking.
  • Proficient basic Shape recognition and naming: The student accurately identified and listed fundamental shapes in the pattern, such as triangles, rectangles, and squares. Only the central octagon structure was inaccurately described as a ""circle"" (a wording deviation rather than an error in recognizing shape properties). This indicates mastery of the core attributes of common shapes and solid foundational shape cognition.
</Strengths in Student Understanding Teacher>"
4,symmetrical_patterns,null,/images/transcripts/math/symmetrical_patterns_studentE.png,"Student E's work shows only Part 3 of the worksheet. Parts 1 and 2 are not visible in this image.
For Part 3, the student attempted to complete the left half of the symmetrical pattern across the given diagonal line of symmetry. However, instead of creating a single cohesive mirror image, the student appears to have created a repeating pattern of small shapes (triangles, rectangles, squares) that wraps around what looks like a curved or irregular boundary. The shapes appear to repeat in a chain-like sequence rather than reflecting across the line of symmetry. They listed the shapes as ""triangle, triangle, square, rectangle, triangle, square"" - listing them in a sequential manner.","<Struggles in Student Understanding Teacher>
  • Significant Conceptual Confusion - Symmetry vs. Repeating Patterns:
    The core issue is that Student E appears to have confused LINE SYMMETRY with REPEATING/TRANSLATIONAL PATTERNS:
    (1) Creating a border/chain rather than reflection: Instead of mirroring the given shapes across the line of symmetry to create one cohesive left half, the student created a chain or border of repeating shapes that wraps around a curved boundary. This suggests they interpreted ""pattern"" in the everyday sense (something that repeats) rather than the geometric sense (something symmetrical).
    (2) Sequential thinking vs. mirror thinking: The way they listed shapes (""triangle, triangle, square, rectangle, triangle, square"") reveals sequential/counting thinking - as if reading shapes in order around a border. This is fundamentally different from symmetry thinking, which requires imagining what each shape would look like reflected across a line.
    (3) Local shape focus vs. whole-pattern reflection: The student seems to have focused on individual shapes from the given side and thought ""I need triangles and rectangles over here too"" rather than thinking ""I need to reflect THIS ENTIRE configuration across the line so the left side is a mirror image of the right side.""
    
  • Additional Evidence of Struggle:
    (1) Curved boundary: The overall shape created doesn't maintain the angular, geometric character of the given half-pattern. This suggests the student wasn't attending to the overall structure that needed to be reflected.
    (2) Shape distribution: Rather than having shapes in corresponding positions that mirror across the line, the shapes seem randomly or decoratively distributed around a border.
    
  • What This Reveals About Student Thinking: This is a classic and valuable example of a student who:
    (1) Has been exposed to the WORD ""pattern"" but hasn't yet differentiated between different types of patterns (repeating, growing, symmetrical)
    (2) May have strong intuitive understanding of repetition and decorative patterns but hasn't yet grasped reflection symmetry as a specific mathematical concept
    (3) Is actively trying to make sense of the task but is using an incorrect schema (repetition) to interpret it
    
  • Why This Happened: The instruction says, ""Draw the other half of her pattern"" - and the student focused on the word ""PATTERN."" In everyday language, ""pattern"" often means ""repeated design"" (like wallpaper, fabric patterns, border designs). The student may have thought: ""I need to make a pattern, and patterns repeat, so I'll repeat these shapes.""
  
  • Important Note for Agent/Teacher: When working with Student E, it's crucial NOT to say ""this is completely wrong"" but rather to recognize this as a meaningful attempt that reveals logical thinking based on a common misconception. The student is demonstrating pattern-thinking skills - just applying the wrong TYPE of pattern. This makes it a perfect teaching moment to distinguish between different pattern types and to explicitly teach reflection symmetry as a specific, precise mathematical concept.
</Struggles in Student Understanding Teacher>

<Strategy-Focused Teacher>
  Attempted Symmetry-Driven Pattern Completion
  Strategy Meaning: Attempts to complete a symmetrical pattern by leveraging the concept of a line of symmetry, aiming to create a mirror image of the given half, despite drawing inaccuracies. Evidence: Actively draws on the other side of the line of symmetry, showing awareness of the need for mirroring in symmetrical patterns, even though the drawn shapes do not perfectly match the original. Impact: Reflects an effort to apply symmetry concepts to practical tasks. While precision is lacking, the attempt builds a foundation for improving spatial reasoning and accurate execution of symmetrical transformations.
</Strategy-Focused Teacher>

<Strengths in Student Understanding Teacher>
  • Partial Understanding - What Student E DOES Grasp:
    (1) Pattern awareness: The student recognized that the task involves creating some kind of pattern and attempted to work systematically
    (2) Shape identification: They can identify and name basic shapes (triangles, rectangles, squares), as evidenced by their written list
    (3) Repetition: The student understands that patterns can involve repeating elements
    (4) Attention to the given shapes: They appear to have looked at the shapes on the right side and attempted to incorporate similar shapes into their response
</Strengths in Student Understanding Teacher>"
5,winning_spinners,null,/images/transcripts/math/winning_spinners_studentD.png,"Student D's 4×4 table is filled with correct sums (e.g., 15,11,9,8 in row 7; 17,13,11,10 in row 9; 13,9,7,6 in row 5; 11,7,5,4 in row 3). In Question 2 the student writes 4 (ambiguous probability). (""x"" is the teacher' remark of students' written sample, not written by students)

For Question 3 (redesign), D draws two new spinners:
• Left spinner contains 8, 9, 7, 5 (one even, three odds).
• Right spinner contains 1, 2, 4, 3 (two evens, two odds).

Student D claims a higher win chance and writes an explanation: ""Because I added the numbers and I counted all the even numbers,"" plus a stray list of sums like ""7+1; 5+1; 7+3 etc."".","<Struggles in Student Understanding Teacher>
  Partial understandings
  • Probability statement is unclear. The student seems to have counted four winning outcomes but didn't express the probability: it should be 4/16 = 1/4 = 25%.
  • The explanation states ""I counted all the even numbers,"" but does not articulate why the 2-and-1 split of evens maximizes wins (i.e., it maximizes ""both even"" plus ""both odd"" outcomes).
  • Although the student listed some even-sum pairs (7+1, 7+3, 5+3, 8+2), they omitted 9+3 and 9+1, which are also even. The student's counting is on the right track but not yet comprehensive and systematic.
  • Communication gap: The method for Question 2 is implicit rather than explicit. The student likely ""saw four evens"" in the grid but didn't convert to probability notation.
  • Missing quantitative conclusion in Question 3: They improved the design but didn't compute the new probability (should be (8/16=1/2)).
</Struggles in Student Understanding Teacher>

<Strategy-Focused Teacher>
  Mathematical Strategies:
  • Probability Calculation Attempt Strategy: For problem 3, the student actively attempts to calculate probability by combining addition operations with ""counting even numbers"". This not only demonstrates the willingness to explore probability problems but also tries to quantify the possibility of events using their own logic (counting even numbers). It is a preliminary exploration of probability concepts from cognition to practice. Although there are calculation deviations in the process, this proactive problem-solving thinking lays a foundation for accurately mastering probability calculation in the future.
</Strategy-Focused Teacher>

<Strengths in Student Understanding Teacher>
  Mathematical Strengths:
  • Accurate computation: The table is correct—evidence of careful enumeration.
  • Sensible optimization move: The new spinners split the three even numbers as 1 even on one spinner and 2 evens on the other, which is optimal. This yields 8 even outcomes out of 16, so the probability of landing an even product is 1/2. The layout (“one-even/three-odd” vs “two-even/two-odd” is ideal.
</Strengths in Student Understanding Teacher>"
6,winning_spinners,null,/images/transcripts/math/winning_spinners_studentE.png,"Student E's 4×4 table is completed correctly and they mark the even totals (8, 10, 6, 4). For Question 2 they write ""not likely.""
For Question 3, E draws two new spinners:
• One spinner shows 9, 8, 7, 5 (one even, three odds).
• The other shows 2, 4, 1, 3 (two evens, two odds).
They describe their reasoning: they identified pairs that make even sums (8+2, 9+1, 7+3) and placed ""one of each pair"" on opposite spinners ""so he would have a better chance of winning."" They label the outcome as ""very likely.""","<Struggles in Student Understanding Teacher>
  Partial understandings
  • Qualitative probability language only (""not likely,"" ""very likely"")—they sense the shift from (1/4) to (1/2) but don't compute it numerically.
  
  Struggles
  • Missing numeric probability: The new best-possible probability is (1/2); ""very likely"" may overstate it.
  • Pair focus can obscure full counting: While naming a few even-making pairs is insightful, students may forget there are 16 equally likely pairs; the optimization must improve the count of even outcomes across all 16.
</Struggles in Student Understanding Teacher>

<Strategy-Focused Teacher>
  Mathematical Strategies:
  • Clarify the winning rule of ""the sum of two numbers is even"" and identify the number pairs that meet this condition (8&2, 7&3, 9&1). Place the two numbers of each pair on two different spinners respectively, and increase the winning probability by adjusting the distribution of numbers on the spinners—this is a straightforward approach. Try to express the thinking process and explain why the spinners are designed this way, showing willingness to actively sort out the problem-solving logic.
</Strategy-Focused Teacher>

<Strengths in Student Understanding Teacher>
  Mathematical Strengths:
  • Correct table and correct identification of even-sum cells—clear grasp of parity results in a grid.
  • Strategic redesign: Like Student D, E uses the optimal split (2 evens on one spinner, 1 even on the other). That maximizes even outcomes to (8/16=1/2).
  • Emerging structural thinking: E names concrete complementary pairs (e.g., 9+1, 7+3, 8+2) to justify the cross-spinner placement—evidence of reasoning beyond guess-and-check.
</Strengths in Student Understanding Teacher>"
7,time_to_get_clean,null,/images/transcripts/math/time_to_get_clean_studentB.png,"Student B writes: Question 1 ""Dad,"" Question 2 ""Carl."" For Question 3 they record ""1:25"" and show (50+35=85) with side work including ""60=1, 120=2, 60+20=80, 1:20+5=1:25."" (this illustrates that student B understands 60 minutes=1 hour; 120 minutes=2 hour; 85 minutes = 1 hour + 20 minutes + 5minutes) Question 4 answer ""10."" For Question 5 they start at 6:00 and repeatedly add 30, 20, 45, 50, 35 (in some order), writing intermediate clock times ""6:95,"" ""7:80,"" then ""7:80"" as final.","<Struggles in Student Understanding Teacher>
  Difficulties & errors (with evidence):
  • Clock-time notation for duration (Ambiguous colon time): Writing ""1:25"" is clock-time style and ambiguous for a duration. Student B should write ""1 hr 25 min"" (or just ""85 min"") to make the units explicit.
  • Regrouping minutes: In Question 5 they create times like 6:95 and 7:80, showing they add minutes arithmetically but do not convert 60 minutes into an additional hour. This is a classic place-value regrouping issue for time. Student B conflates base-10 arithmetic with time's base-60 system—treating minutes as if they regroup at 100 instead of 60. 
  • Units omission: Question 4 ""10"" lacks ""minutes,"" suggesting an incomplete statement of units, even though the computation (30-20) is correct.
  • Standardized math note: ""1:20 + 5 = 1:25"" is not standard for duration and can be misread as clock time. Use unit-labeled notation: 1 hr 20 min + 5 min = 1 hr 25 min (or 80 min + 5 min = 85 min = 1 hr 25 min). In math, clear, unit-explicit expressions prevent ambiguity.
</Struggles in Student Understanding Teacher>

<Strategy-Focused Teacher>
  Mathematical Strategies:
  • Time Comparison & Screening Strategy: The student accurately identifies that Dad spends the most time and Carl spends the shortest time in the bathroom by comparing the given time data, demonstrating a clear grasp of ""longest"" and ""shortest"" concepts and effective data screening ability.
  • Time Addition Strategy: For problem 3, the student attempts to add Dad's 50 minutes and Grandpa's 35 minutes. They show computations like ( 50 + 35 = 85 ), ( 60 = 1 ) (converting 60 minutes to 1 hour), ( 120 = 2 ) (incorrect conversion attempt), and ( 60 + 20 + 5 = 85 ) (with an incorrect time format ( 1:25 ) as the result). This reflects the student's awareness of adding time durations, even though there are errors in unit conversion and result formatting.
  • Time Difference Calculation Strategy: In problem 4, the student correctly uses subtraction ( 30 - 20 = 10 ) to find the time difference between Megan and Carl. Megan's time is ( rac{1}{2} ) hour (30 minutes) and Carl's is 20 minutes, so the student's reasoning here is logically sound.
  • Time Sequence Reasoning Strategy (Running Clock Addition Method): For problem 5, the student tries to calculate the end time by incrementally adding durations to the start time (6 a.m.) with the durations of all users. They show computations like ( 6:00 + 30 + 20 + 45 = 6:95 ) (incorrect), ( 6:95 + 50 + 35 = 7:80 ) (incorrect time format). This indicates the student's attempt to apply the logic of ""adding time sequences to derive the end time"" using a running clock addition method, though there are mistakes in time unit conversion and formatting.
</Strategy-Focused Teacher>

<Strengths in Student Understanding Teacher>
  Mathematical Strengths:
  • Correct identifications for longest (Dad) and shortest (Carl).
  • For Question 3, Student B reaches the correct duration (1 hr 25 mins) by decomposing 85 into “60 + 20 + 5.” They recognize that 85 minutes exceeds an hour and represent it as ""1:25.""
</Strengths in Student Understanding Teacher>"
8,time_to_get_clean,null,/images/transcripts/math/time_to_get_clean_studentC.png,"Student C annotates conversions next to names in the table: writes ""1/2 hour = 30 min"" (correct) and ""3/4 hour 40 min"" (incorrect). Question 1 ""Dad,"" Question 2 ""Carl."" Question 3 shows (50+35=85; 60+25=85) and records ""1 hr 25 min."" Question 4 ""10 min."" For Question 5 they list durations (30, 20, 40, 50, 35), total them to 175 min (because of the 40-minute error), then convert to ""2 hr 55 min"" and claim a finish time of ""8:55 a.m.""","<Struggles in Student Understanding Teacher>
  Struggles:
  • Fraction-minute conversion error: Interprets 3/4 hr as 40 minutes; correct is 45 minutes. This single conversion slip propagates to Question 5: total becomes 175 min instead of 180 min, leading to finish time 8:55 a.m. instead of 9:00 a.m.
  • Minor reliance on “60 + 25 = 85” in Question 3 suggests they know to decompose minutes around 60; this is a strength, but consistency in conversions is the gap.
</Struggles in Student Understanding Teacher>

<Strategy-Focused Teacher>
  Mathematical Strategies:
  • Transparent strategy: Converts each person's time to minutes, sums, then converts total minutes back to hours: minutes. The writings under 3., 4. and 5. show more of their strategies - that is, the computations they used that made up their solution path (adding 50 and 35, adding 60 and 25) adding a series of minutes, etc. These descriptions are useful to explain how the student reached their answer. It is a sound methodology.
  • Benchmarking + regrouping: Student C leans on the 60-minute benchmark (e.g., totaling to 175 min to 2 hr 55 min) and fluently rewrites minutes to hours. That's robust place-value reasoning for time.
</Strategy-Focused Teacher>

<Strengths in Student Understanding Teacher>
  Mathematical Strengths:
  • Clear and coherent problem-solving logic: Follows a complete thinking path of ""understanding the question, targeted calculation, unit conversion, and deriving the answer"". Especially in Question 5, independently designs the solution route of ""unifying units (converting to minutes), summing up, converting back to hours: minutes"", showing organized thinking.
  • Solid core time calculation skills: Duration comparison (identifying longest/shortest), time addition (50+35=85), and time difference calculation (30-20=10) are all accurate, reflecting proficient mastery of basic time calculation rules.
  • Correct unit conversion method: Uses the benchmark of ""60 minutes = 1 hour"" for conversion (e.g., 85 minutes = 1 hour 25 minutes, 175 minutes = 2 hours 55 minutes). The conversion logic and steps are correct, with only a single numerical calculation error.
  • Data processing and verification awareness: In Question 3, verifies the result through two-way calculations of ""50+35=85"" and ""60+25=85"", demonstrating rigor in proactively checking answers and a flexible understanding of time unit decomposition.
</Strengths in Student Understanding Teacher>"
